{
  "Re": 100,
  "mesh": "medium",
  "num_substeps": 170,
  "warmup_steps": 500,
  "obs_mean": [
    0.17621637880802155,
    1.2232892513275146,
    -0.9639892578125,
    2.4244656562805176,
    2.32122540473938,
    2.154768943786621
  ],
  "obs_std": [
    2.337599039077759,
    3.406193494796753,
    3.4184951782226562,
    2.6154797077178955,
    2.773905038833618,
    3.0414464473724365
  ],
  "mean_reward": -11.1998056657641,
  "mean_drag": 0.4363871106630897,
  "mean_abs_lift": 6.943455391623105
}